datetime;lon;lat;C2H2_excess;ws;wd
2015-04-23 10:04:00;2.1286351237;48.985086571000004;-0.0022316993547921715;1.7375;325.9182
2015-04-23 10:04:01;2.1287605485;48.985083861999996;0.03738602752604964;1.7375;325.9182
2015-04-23 10:04:02;2.1289403344999998;48.98508029600001;-0.031819065624799914;1.7375;325.9182
2015-04-23 10:04:03;2.1291531519999998;48.985076125;-0.03181364834860706;1.7375;325.9182
2015-04-23 10:04:04;2.1292780008000003;48.985073348;-0.052259873438251725;1.7375;325.9182
2015-04-23 10:04:05;2.1294048849;48.985070468;0.009625167534671963;1.7375;325.9182
2015-04-23 10:04:06;2.1295983905;48.985066288;0.08525948607823525;1.7375;325.9182
2015-04-23 10:04:07;2.1297451677;48.985063206999996;0.08296810350323947;1.7375;325.9182
2015-04-23 10:04:08;2.129957261;48.985058755;-0.028774756797749046;1.7375;325.9182
2015-04-23 10:04:09;2.1300983433000003;48.985055798999994;0.0982278926865629;1.7375;325.9182
2015-04-23 10:04:10;2.1303115219;48.985051471000006;0.11327414747460024;1.7375;325.9182
2015-04-23 10:04:11;2.1305973408;48.98504566;-0.06408911865579875;1.7375;325.9182
2015-04-23 10:04:12;2.1307172177;48.98504286399999;-0.06408375676551648;1.7375;325.9182
2015-04-23 10:04:13;2.1308738044999997;48.985039339;0.022810894691926265;1.7375;325.9182
2015-04-23 10:04:14;2.1311070261;48.985034567;0.002420616595761038;1.7375;325.9182
2015-04-23 10:04:15;2.1313482945;48.985030197;0.007342930892943911;1.7375;325.9182
2015-04-23 10:04:16;2.1315150775;48.985027673999994;-0.015420866065505301;1.7375;325.9182
2015-04-23 10:04:17;2.1317706504;48.985023813999995;-0.028669268455040753;1.7375;325.9182
2015-04-23 10:04:18;2.1320329082;48.985017583;-0.09495209139905031;1.7375;325.9182
2015-04-23 10:04:19;2.13221209;48.985012903000005;-0.11507164245105297;1.7375;325.9182
2015-04-23 10:04:20;2.1324491585;48.985007626000005;-0.07449211077351267;1.7375;325.9182
2015-04-23 10:04:21;2.1326667544;48.985003193000004;-0.011183613028317496;1.7375;325.9182
2015-04-23 10:04:22;2.1328269662;48.985000012;-0.0488582616573576;1.7375;325.9182
2015-04-23 10:04:23;2.1330793588;48.98499515;-0.009917748673931026;1.7375;325.9182
2015-04-23 10:04:24;2.1332337146;48.984992153;0.011551568807177226;1.7375;325.9182
2015-04-23 10:04:25;2.1334503065;48.984987913999994;-0.021224189909767044;1.7375;325.9182
2015-04-23 10:04:26;2.1336728979;48.984983536;-0.0005976307647965751;1.7375;325.9182
2015-04-23 10:04:27;2.1338101173;48.984980738999994;0.009792319608180833;1.7375;325.9182
2015-04-23 10:04:28;2.1339991659999997;48.984976636000006;-0.05759683944977656;1.7375;325.9182
2015-04-23 10:04:29;2.1342139309;48.984971118000004;-0.057591569185095504;1.7375;325.9182
2015-04-23 10:04:30;2.1343389784;48.984968121;0.018149957213180357;1.7375;325.9182
2015-04-23 10:04:31;2.1344586831;48.984965201;-0.00202277060476852;1.7375;325.9182
2015-04-23 10:04:32;2.1346263773;48.984961248000005;-0.057179153218101464;1.7375;325.9182
2015-04-23 10:04:33;2.1347437913;48.984958577;0.0019452401196894398;1.7375;325.9182
2015-04-23 10:04:34;2.1349033491;48.984954974;0.0730642097814867;1.7375;325.9182
2015-04-23 10:04:35;2.1350037743;48.984952616;0.06413221239620981;1.7375;325.9182
2015-04-23 10:04:36;2.1351439272;48.984948976999995;-0.07018888157581737;1.7375;325.9182
2015-04-23 10:04:37;2.1353025819;48.984944345;-0.17984636897175235;1.7375;325.9182
2015-04-23 10:04:38;2.1353626600999998;48.984942495;-0.17984114683855032;1.7375;325.9182
2015-04-23 10:04:39;2.1354378603999997;48.984939986;-0.01235914742178551;1.7375;325.9182
2015-04-23 10:04:40;2.1355421608;48.984935154;-0.05517038208198191;1.7375;325.9182
2015-04-23 10:04:41;2.1356353381;48.984928135;-0.06836726004100896;1.7375;325.9182
2015-04-23 10:04:42;2.1356916119;48.98492348;-0.09408999375667251;1.7375;325.9182
2015-04-23 10:04:43;2.13577087;48.98491761100001;0.002096838409897217;1.7375;325.9182
2015-04-23 10:04:44;2.1358154776;48.98491543;-0.004197173534802423;1.7375;325.9182
2015-04-23 10:04:45;2.1358757718;48.984920179;-0.01574067749172664;1.7375;325.9182
2015-04-23 10:04:46;2.1359070636;48.984936213000005;-0.017837413967104088;1.7375;325.9182
2015-04-23 10:04:47;2.1359145881;48.984955737;-0.027970960190927985;1.7375;325.9182
2015-04-23 10:04:48;2.1359086158;48.984968599;-0.010568387286235437;1.7375;325.9182
2015-04-23 10:04:49;2.135884015;48.984982786;-0.07761372636206118;1.7375;325.9182
2015-04-23 10:04:50;2.1358581162;48.984986293;0.06251133901065425;1.7375;325.9182
2015-04-23 10:04:51;2.1358062863;48.984983983999996;-0.08576228725080623;1.7375;325.9182
2015-04-23 10:04:52;2.1357364807;48.98497683;0.11120315435558492;1.7375;325.9182
2015-04-23 10:04:53;2.1356826921;48.984972098;-0.16238743747920958;1.7375;325.9182
2015-04-23 10:04:54;2.1355874978;48.984966866;-0.08355552820906434;1.7375;325.9182
2015-04-23 10:04:55;2.1354423087;48.984966271000005;-0.08355040743154665;1.7375;325.9182
2015-04-23 10:04:56;2.1353388305000003;48.984967803;0.006760484535953903;1.7375;325.9182
2015-04-23 10:04:57;2.1352309694;48.984969698;-0.05365544361296379;1.7375;325.9182
2015-04-23 10:04:58;2.1350680580000003;48.984973276000005;0.023994921944185954;1.7375;325.9182
2015-04-23 10:04:59;2.1349373926;48.984976499;0.05575179362278676;1.7375;325.9182
2015-04-23 10:05:00;2.1347343589;48.984981023;0.05569676527218931;1.375;4.6374629999999994
2015-04-23 10:05:01;2.1345868251;48.984984192;-0.10052288122686132;1.375;4.6374629999999994
2015-04-23 10:05:02;2.1343496996;48.984989426999995;-0.016704631844785822;1.375;4.6374629999999994
2015-04-23 10:05:03;2.1340434446;48.984995213999994;0.030711302639861104;1.375;4.6374629999999994
2015-04-23 10:05:04;2.1339100683;48.984998036;0.030716359396590676;1.375;4.6374629999999994
2015-04-23 10:05:05;2.1337270974;48.985002186;0.03186729826112367;1.375;4.6374629999999994
2015-04-23 10:05:06;2.1334514766;48.985008705;-0.10191671680291348;1.375;4.6374629999999994
2015-04-23 10:05:07;2.1331697484;48.985015122;-0.08188336184443065;1.375;4.6374629999999994
2015-04-23 10:05:08;2.1329836703;48.985019311;0.09413894903183517;1.375;4.6374629999999994
2015-04-23 10:05:09;2.1327028969;48.985025814;-0.1644386156516937;1.375;4.6374629999999994
2015-04-23 10:05:10;2.1325265698;48.985029891;0.11810308181880136;1.375;4.6374629999999994
2015-04-23 10:05:11;2.1322431495;48.98503624399999;-0.006139226507588802;1.375;4.6374629999999994
2015-04-23 10:05:12;2.1319984682;48.985041493999994;0.03196917425212048;1.375;4.6374629999999994
2015-04-23 10:05:13;2.1317716444999997;48.98504523;0.18137101445102344;1.375;4.6374629999999994
2015-04-23 10:05:14;2.1316032388;48.985047608;-0.032891306338781845;1.375;4.6374629999999994
2015-04-23 10:05:15;2.1313324998;48.985051686999995;-0.026358399226559914;1.375;4.6374629999999994
2015-04-23 10:05:16;2.1311642112;48.985054543000004;-0.02540565327758687;1.375;4.6374629999999994
2015-04-23 10:05:17;2.1309245176;48.985058898000005;-0.05241086657258365;1.375;4.6374629999999994
2015-04-23 10:05:18;2.1306691839;48.98506392;-0.03893930137419324;1.375;4.6374629999999994
2015-04-23 10:05:19;2.1305084161;48.985066967;-0.007326799787176985;1.375;4.6374629999999994
2015-04-23 10:05:20;2.1302757399;48.985071535;0.01613934364337155;1.375;4.6374629999999994
2015-04-23 10:05:21;2.1300014586000002;48.985078573;0.016144256616143382;1.375;4.6374629999999994
2015-04-23 10:05:22;2.1298402002000003;48.985082807;-0.0739530202473469;1.375;4.6374629999999994
2015-04-23 10:05:23;2.1296808958;48.985086227;-0.04553369756572356;1.375;4.6374629999999994
2015-04-23 10:05:24;2.1294593949;48.985090282;0.05478327874202188;1.375;4.6374629999999994
2015-04-23 10:05:25;2.1292974494;48.985093629;-0.03254035652652626;1.375;4.6374629999999994
2015-04-23 10:05:26;2.1290739466999997;48.985098647;-0.035915135553068855;1.375;4.6374629999999994
2015-04-23 10:05:27;2.1288698201;48.985102963;0.01904794664966092;1.375;4.6374629999999994
2015-04-23 10:05:28;2.128725273;48.98510602;-0.011166826819629105;1.375;4.6374629999999994
2015-04-23 10:05:29;2.1284701635;48.985111175;0.003964265417182977;1.375;4.6374629999999994
2015-04-23 10:05:30;2.128369096;48.985112793999996;0.0039690854861499925;1.375;4.6374629999999994
2015-04-23 10:05:31;2.1281806354;48.985115338;-0.10853585678892982;1.375;4.6374629999999994
2015-04-23 10:05:32;2.1280489553;48.985116858999994;0.014820249946836173;1.375;4.6374629999999994
2015-04-23 10:05:33;2.1278649329;48.985118108;0.1013815733679076;1.375;4.6374629999999994
2015-04-23 10:05:34;2.1277469175;48.985117611999996;0.045985294981981895;1.375;4.6374629999999994
2015-04-23 10:05:35;2.1275745675;48.985114051000004;0.06891892860139065;1.375;4.6374629999999994
2015-04-23 10:05:36;2.1274086707;48.985106436;0.05309032909769562;1.375;4.6374629999999994
2015-04-23 10:05:37;2.1272994643;48.985100489;0.031969707397421665;1.375;4.6374629999999994
2015-04-23 10:05:38;2.1271594555;48.985092422;0.09186055376886199;1.375;4.6374629999999994
2015-04-23 10:05:39;2.1270391746;48.985084872;0.008494012492279268;1.375;4.6374629999999994
2015-04-23 10:05:40;2.1269116759999998;48.985076125;0.01606081274207244;1.375;4.6374629999999994
2015-04-23 10:05:41;2.1268321596;48.985070531000005;0.038795354061269605;1.375;4.6374629999999994
2015-04-23 10:05:42;2.1267197545;48.98506562399999;0.0726324493180332;1.375;4.6374629999999994
2015-04-23 10:05:43;2.1266491389;48.985068184;0.057995131282670476;1.375;4.6374629999999994
2015-04-23 10:05:44;2.1265343037;48.985082455;0.005509309731542511;1.375;4.6374629999999994
2015-04-23 10:05:45;2.1264595633;48.985093174;-0.0781740846208828;1.375;4.6374629999999994
2015-04-23 10:05:46;2.1263538603;48.98509842;0.1223910630434828;1.375;4.6374629999999994
2015-04-23 10:05:47;2.1262313774;48.985080331999995;0.12239566638664862;1.375;4.6374629999999994
2015-04-23 10:05:48;2.1261592693;48.985059467;-0.014873726826767852;1.375;4.6374629999999994
2015-04-23 10:05:49;2.1260845661000003;48.985039124;-0.06143482113284626;1.375;4.6374629999999994
2015-04-23 10:05:50;2.1259702593000003;48.985018238;-0.01451328632050869;1.375;4.6374629999999994
2015-04-23 10:05:51;2.1258456807;48.985007083;0.06912144764280215;1.375;4.6374629999999994
2015-04-23 10:05:52;2.125767834;48.985001888999996;-0.08842226846386894;1.375;4.6374629999999994
2015-04-23 10:05:53;2.1256546787;48.984993931999995;0.11132081954932549;1.375;4.6374629999999994
2015-04-23 10:05:54;2.1255657163;48.984987253;-0.015957304079448453;1.375;4.6374629999999994
2015-04-23 10:05:55;2.1253932964;48.984974527;0.09848439856520486;1.375;4.6374629999999994
2015-04-23 10:05:56;2.1253192068;48.984969478000004;0.09848886729241779;1.375;4.6374629999999994
2015-04-23 10:05:57;2.1251779459;48.98496076399999;0.07845732378905185;1.375;4.6374629999999994
2015-04-23 10:05:58;2.1250742953999997;48.984953995;-0.09684575454512279;1.375;4.6374629999999994
2015-04-23 10:05:59;2.1249258957;48.984944303;0.0704623791174207;1.375;4.6374629999999994
2015-04-23 10:06:00;2.1248284386000003;48.984938276;0.2804619507231348;1.0375;0.04942616
2015-04-23 10:06:01;2.1246789812;48.984929225;2.237919397282359;1.0375;0.04942616
2015-04-23 10:06:02;2.1245261832;48.984919636;5.142829948630731;1.0375;0.04942616
2015-04-23 10:06:03;2.124422233;48.984912556000005;8.9398526333673;1.0375;0.04942616
2015-04-23 10:06:04;2.1242781098;48.984902049;10.270656631527938;1.0375;0.04942616
2015-04-23 10:06:05;2.1241416944;48.984889798999994;5.451851424788166;1.0375;0.04942616
2015-04-23 10:06:06;2.1239809009;48.984874308;3.676121094608764;1.0375;0.04942616
2015-04-23 10:06:07;2.1238725774000002;48.984863854;2.1419092199513785;1.0375;0.04942616
2015-04-23 10:06:08;2.1237016848;48.984849082;0.7845366734884623;1.0375;0.04942616
2015-04-23 10:06:09;2.1235948286;48.984841241999995;0.4907903804181761;1.0375;0.04942616
2015-04-23 10:06:10;2.1234141201;48.98482873;0.30417743187553486;1.0375;0.04942616
2015-04-23 10:06:11;2.123295425;48.98482039100001;0.29487479202075206;1.0375;0.04942616
2015-04-23 10:06:12;2.1231292197;48.984808673;0.04770598378290808;1.0375;0.04942616
2015-04-23 10:06:13;2.1229285004;48.984795716;0.04771015926576938;1.0375;0.04942616
2015-04-23 10:06:14;2.1228072812;48.984787626000006;0.0704079091132832;1.0375;0.04942616
2015-04-23 10:06:15;2.1226888271;48.984779907;0.07728352351641676;1.0375;0.04942616
2015-04-23 10:06:16;2.1225189351;48.984768167;-0.028548490819640615;1.0375;0.04942616
2015-04-23 10:06:17;2.1223937445;48.98475923;0.05986726568758466;1.0375;0.04942616
2015-04-23 10:06:18;2.1222156383;48.984747068000004;0.0346174761760325;1.0375;0.04942616
2015-04-23 10:06:19;2.1220446256;48.984735441000005;0.07843499097606971;1.0375;0.04942616
2015-04-23 10:06:20;2.1219207279;48.984726985;-0.01196555412236916;1.0375;0.04942616
2015-04-23 10:06:21;2.1217031317;48.984712648;0.006447403054352652;1.0375;0.04942616
2015-04-23 10:06:22;2.1216067695;48.984706505;0.006451402385114324;1.0375;0.04942616
2015-04-23 10:06:23;2.1214385659;48.984696103000005;-0.0083701510312722;1.0375;0.04942616
2015-04-23 10:06:24;2.121319137;48.984688641999995;-0.020787398558250292;1.0375;0.04942616
2015-04-23 10:06:25;2.1211491268000002;48.984676735;-0.011289909885593807;1.0375;0.04942616
2015-04-23 10:06:26;2.1210374264;48.984668461000005;-0.06091230364337791;1.0375;0.04942616
2015-04-23 10:06:27;2.1208721931;48.984656986000005;0.03922175869390232;1.0375;0.04942616
2015-04-23 10:06:28;2.1207084386000004;48.9846456;0.1597200578147303;1.0375;0.04942616
2015-04-23 10:06:29;2.1206019091;48.984638577;0.017214743815139766;1.0375;0.04942616
2015-04-23 10:06:30;2.1204568704;48.984629242;0.06025906087326299;1.0375;0.04942616
2015-04-23 10:06:31;2.1203230476;48.984621093;0.1097057944809735;1.0375;0.04942616
2015-04-23 10:06:32;2.1201700236;48.98461186;0.0552722845432726;1.0375;0.04942616
2015-04-23 10:06:33;2.1200690951;48.98460531600001;-0.2144155550354731;1.0375;0.04942616
2015-04-23 10:06:34;2.1199226221000003;48.98459468;0.09904637844186398;1.0375;0.04942616
2015-04-23 10:06:35;2.1198319877;48.984587935;0.08954125084879067;1.0375;0.04942616
2015-04-23 10:06:36;2.1196846078;48.984577245;-0.1269732777574114;1.0375;0.04942616
2015-04-23 10:06:37;2.1195929382;48.984571028000005;0.0654094047352633;1.0375;0.04942616
2015-04-23 10:06:38;2.1194643231;48.984562525;0.05143744739893896;1.0375;0.04942616
2015-04-23 10:06:39;2.1193163914;48.984553018999996;0.05144109357253657;1.0375;0.04942616
2015-04-23 10:06:40;2.1192272806;48.984547147;0.0009623207905082864;1.0375;0.04942616
2015-04-23 10:06:41;2.1191387495;48.984541165;0.035533630111725056;1.0375;0.04942616
2015-04-23 10:06:42;2.1190075198;48.984532589;0.009415020121029294;1.0375;0.04942616
2015-04-23 10:06:43;2.1188601226;48.98452277;0.09143391319043387;1.0375;0.04942616
2015-04-23 10:06:44;2.1187614289;48.98451588;0.07014397781459414;1.0375;0.04942616
2015-04-23 10:06:45;2.1186140827;48.984505399;0.049204388776260655;1.0375;0.04942616
2015-04-23 10:06:46;2.1185029759000003;48.98449738;0.014482875620779101;1.0375;0.04942616
2015-04-23 10:06:47;2.1183009322;48.984482492;0.053810222036108635;1.0375;0.04942616
2015-04-23 10:06:48;2.1181962953999998;48.98447526;0.05381367713539076;1.0375;0.04942616
2015-04-23 10:06:49;2.1180196696;48.984463266000006;0.06631213067690445;1.0375;0.04942616
2015-04-23 10:06:50;2.1178865099;48.984454401;0.041986376390842794;1.0375;0.04942616
2015-04-23 10:06:51;2.1176881947;48.984441661999995;0.12583139497166912;1.0375;0.04942616
2015-04-23 10:06:52;2.1175532132;48.984432831999996;-0.0388463469527244;1.0375;0.04942616
2015-04-23 10:06:53;2.117338742;48.984417252;0.03595730789574958;1.0375;0.04942616
2015-04-23 10:06:54;2.1171122255;48.984400701000006;0.005495241461244915;1.0375;0.04942616
2015-04-23 10:06:55;2.1169547509999997;48.984389878;0.028557514027327868;1.0375;0.04942616
2015-04-23 10:06:56;2.116734905;48.984375493;-0.006513469601554411;1.0375;0.04942616
2015-04-23 10:06:57;2.1165229821000002;48.984362436000005;0.00011824607945143395;1.0375;0.04942616
2015-04-23 10:06:58;2.1162740928;48.984346495;0.02759607539419079;1.0375;0.04942616
2015-04-23 10:06:59;2.1161048343;48.984334935;-0.039106592777253285;1.0375;0.04942616
2015-04-23 10:07:00;2.1158565433;48.984317866000005;-0.011788722073911517;1.275;307.3942
2015-04-23 10:07:01;2.1157006711;48.984307053;0.0877571815793537;1.275;307.3942
2015-04-23 10:07:02;2.1154509969;48.984289703;0.016096756861262607;1.275;307.3942
2015-04-23 10:07:03;2.1152933509;48.984278753000005;-0.0014572683418571097;1.275;307.3942
2015-04-23 10:07:04;2.1150694865;48.984263563;-0.007463644592297258;1.275;307.3942
2015-04-23 10:07:05;2.1148135887;48.984246587;-0.007460527064185818;1.275;307.3942
2015-04-23 10:07:06;2.1146669025;48.984236797;0.0010343882238277313;1.275;307.3942
2015-04-23 10:07:07;2.1145260375;48.984227378;0.06079826422726459;1.275;307.3942
2015-04-23 10:07:08;2.1143286694;48.984214269;0.008255976825592704;1.275;307.3942
2015-04-23 10:07:09;2.1141246968000003;48.984200671;0.012689124327396661;1.275;307.3942
2015-04-23 10:07:10;2.1140018348;48.984192515;-0.042938000970742685;1.275;307.3942
2015-04-23 10:07:11;2.1138333962;48.984181066000005;0.0993222829066101;1.275;307.3942
2015-04-23 10:07:12;2.1137136532;48.984172367;0.034469487907154095;1.275;307.3942
2015-04-23 10:07:13;2.1135152133;48.984157012;0.06102805227858843;1.275;307.3942
2015-04-23 10:07:14;2.1134407091;48.98415143;0.06103102412879019;1.275;307.3942
2015-04-23 10:07:15;2.113320855;48.984144644;0.037230134528710046;1.275;307.3942
2015-04-23 10:07:16;2.1132485975999997;48.984146606;0.09155275491218279;1.275;307.3942
2015-04-23 10:07:17;2.1131662498;48.98416340399999;0.014928150559780251;1.275;307.3942
2015-04-23 10:07:18;2.1131048786;48.984185649;-0.00951780617821929;1.275;307.3942
2015-04-23 10:07:19;2.1130652686;48.984194196000004;-0.045333581021679725;1.275;307.3942
2015-04-23 10:07:20;2.1130186563;48.9841903;0.023220341859891636;1.275;307.3942
2015-04-23 10:07:21;2.1130011154;48.98418223;0.021442333521001222;1.275;307.3942
2015-04-23 10:07:22;2.1129921209;48.984174315;0.025334731374167863;1.275;307.3942
2015-04-23 10:07:23;2.11299134;48.984172826999995;0.009037836073184313;1.275;307.3942
2015-04-23 10:07:24;2.112992312;48.984173431;0.03155196135941668;1.275;307.3942
2015-04-23 10:07:25;2.1129919959;48.984172598;0.02858498471559262;1.275;307.3942
2015-04-23 10:07:26;2.112988482;48.984165212;-0.02541887780876151;1.275;307.3942
2015-04-23 10:07:27;2.1129884734;48.984148071999996;0.0437298871875344;1.275;307.3942
2015-04-23 10:07:28;2.1129982041;48.984135233;0.06866553780325435;1.275;307.3942
2015-04-23 10:07:29;2.1130328948;48.98411852899999;-0.02576460888530907;1.275;307.3942
2015-04-23 10:07:30;2.1130700768;48.98411354899999;-0.007509800454198912;1.275;307.3942
2015-04-23 10:07:31;2.113154909;48.98411409;-0.007507004871062928;1.275;307.3942
2015-04-23 10:07:32;2.1132149108;48.984117791;-0.049251298406932154;1.275;307.3942
2015-04-23 10:07:33;2.1133202668;48.984125115;0.0313975225052453;1.275;307.3942
2015-04-23 10:07:34;2.1133990976;48.984130539;-0.08334148064215344;1.275;307.3942
2015-04-23 10:07:35;2.1135412179;48.984140266000004;-0.03462544486849878;1.275;307.3942
2015-04-23 10:07:36;2.1136412303;48.98414736;0.027400694446664653;1.275;307.3942
2015-04-23 10:07:37;2.1137898423;48.984157898999996;-0.005166782295517536;1.275;307.3942
2015-04-23 10:07:38;2.1139005919;48.984165826;0.054030495098310705;1.275;307.3942
2015-04-23 10:07:39;2.1141103172999998;48.984181237;0.03277660123326398;1.275;307.3942
2015-04-23 10:07:40;2.1142043386;48.984188142;0.03277935746610311;1.275;307.3942
2015-04-23 10:07:41;2.1143804142;48.984200876;0.01522473145391251;1.275;307.3942
2015-04-23 10:07:42;2.1145047057;48.984209713;-0.0021183764835938645;1.275;307.3942
2015-04-23 10:07:43;2.1146809175;48.98422169;-0.04783265816054069;1.275;307.3942
2015-04-23 10:07:44;2.1148480857;48.984232471000006;0.019840270080610567;1.275;307.3942
2015-04-23 10:07:45;2.1149683655000002;48.984240164;0.042491300484131744;1.275;307.3942
2015-04-23 10:07:46;2.1151392637;48.98425074;0.027122383035594833;1.275;307.3942
2015-04-23 10:07:47;2.1152488733;48.984257652;-0.02414271434820975;1.275;307.3942
2015-04-23 10:07:48;2.1153935854;48.984267233000004;-0.03647671206852446;1.275;307.3942
2015-04-23 10:07:49;2.1155266459;48.984276193;0.04836928002143703;1.275;307.3942
2015-04-23 10:07:50;2.1156821227;48.984286628999996;0.017521638659496852;1.275;307.3942
2015-04-23 10:07:51;2.115785214;48.984293548000004;0.008825996476858167;1.275;307.3942
2015-04-23 10:07:52;2.1159417596;48.98430461;0.02256585863121091;1.275;307.3942
2015-04-23 10:07:53;2.116102804;48.98431634399999;-0.022284807704639198;1.275;307.3942
2015-04-23 10:07:54;2.1162152676;48.984324376000004;0.030231580656245816;1.275;307.3942
2015-04-23 10:07:55;2.1163898366;48.984336674;0.030400535764894043;1.275;307.3942
2015-04-23 10:07:56;2.1166186371;48.984353023999994;-0.006185678070085576;1.275;307.3942
2015-04-23 10:07:57;2.1167173092;48.984359927;-0.0061829187119339934;1.275;307.3942
2015-04-23 10:07:58;2.1168445834000003;48.984368746;-0.09886334433490399;1.275;307.3942
2015-04-23 10:07:59;2.1170304763999996;48.984382618999994;-0.046881187769544;1.275;307.3942
2015-04-23 10:08:00;2.1172145233;48.984396265;-0.07814246365553251;0.9583333;20.48607
2015-04-23 10:08:01;2.1173385031;48.984404911000006;0.03602996787816476;0.9583333;20.48607
2015-04-23 10:08:02;2.1175228038;48.98441766;0.005028564515835887;0.9583333;20.48607
2015-04-23 10:08:03;2.117638762;48.98442577;0.04458600956780462;0.9583333;20.48607
2015-04-23 10:08:04;2.117833502;48.98443884899999;0.06751687495510844;0.9583333;20.48607
2015-04-23 10:08:05;2.1179968724;48.984449608999995;-0.11881332811391809;0.9583333;20.48607
2015-04-23 10:08:06;2.1181481602;48.984460121000005;0.06189608937301333;0.9583333;20.48607
2015-04-23 10:08:07;2.1182583538;48.984467806000005;0.021713563759365728;0.9583333;20.48607
2015-04-23 10:08:08;2.1184296265;48.984479674;-0.057754403703103974;0.9583333;20.48607
2015-04-23 10:08:09;2.1185368038;48.984486911000005;-0.05811867007876542;0.9583333;20.48607
2015-04-23 10:08:10;2.118683661;48.984496573;0.15525223545008637;0.9583333;20.48607
2015-04-23 10:08:11;2.1187888718;48.984503493000005;0.0901191039835415;0.9583333;20.48607
2015-04-23 10:08:12;2.1189304139;48.984513242;-0.07344027419790847;0.9583333;20.48607
2015-04-23 10:08:13;2.1190570131;48.984521773999994;0.061273098899169876;0.9583333;20.48607
2015-04-23 10:08:14;2.1191343817;48.984526742;0.06127597137296936;0.9583333;20.48607
2015-04-23 10:08:15;2.1192804622;48.98453567399999;0.011801359410659462;0.9583333;20.48607
2015-04-23 10:08:16;2.1193616481;48.984540798000005;0.0028467587699853025;0.9583333;20.48607
2015-04-23 10:08:17;2.1194819206999997;48.984548687;0.011235059085393073;0.9583333;20.48607
2015-04-23 10:08:18;2.1195727685;48.984554913000004;0.04744545663131167;0.9583333;20.48607
2015-04-23 10:08:19;2.1197073254;48.984564626;-0.0014717609969106538;0.9583333;20.48607
2015-04-23 10:08:20;2.1197978563;48.984571277;-0.1803003360911456;0.9583333;20.48607
2015-04-23 10:08:21;2.1199351624;48.984581277;0.02488301996014186;0.9583333;20.48607
2015-04-23 10:08:22;2.1201078886;48.984594163000004;0.0011038896382664087;0.9583333;20.48607
2015-04-23 10:08:23;2.1201790766;48.984599077;0.0011068609740769175;0.9583333;20.48607
2015-04-23 10:08:24;2.120270713;48.984605316999996;-0.026146420072562182;0.9583333;20.48607
2015-04-23 10:08:25;2.1204080057;48.984614628;0.018175340362193093;0.9583333;20.48607
2015-04-23 10:08:26;2.1205479421;48.984623758999994;0.03428757307169267;0.9583333;20.48607
2015-04-23 10:08:27;2.1206433761000003;48.984629913999996;0.01533226476287608;0.9583333;20.48607
2015-04-23 10:08:28;2.1207878279;48.984639026;-0.06687614107793943;0.9583333;20.48607
2015-04-23 10:08:29;2.1208796531;48.984644722;0.049613512346021627;0.9583333;20.48607
2015-04-23 10:08:30;2.1210303974;48.984654872;0.05413483714833295;0.9583333;20.48607
2015-04-23 10:08:31;2.1211636857;48.984664931000005;-0.05358995390455329;0.9583333;20.48607
2015-04-23 10:08:32;2.121291598;48.984673799;0.11772220345949674;0.9583333;20.48607
2015-04-23 10:08:33;2.1213842603999997;48.984679897;0.03299977870116755;0.9583333;20.48607
2015-04-23 10:08:34;2.121537921;48.984690118;-0.07567444081215205;0.9583333;20.48607
2015-04-23 10:08:35;2.1216365013;48.98469690899999;-0.05791410145412876;0.9583333;20.48607
2015-04-23 10:08:36;2.1217750588;48.984707113;-0.03961248087836716;0.9583333;20.48607
2015-04-23 10:08:37;2.1219229757;48.984718189;-0.055441759749698616;0.9583333;20.48607
2015-04-23 10:08:38;2.1220190121;48.98472516;-0.0455968074459252;0.9583333;20.48607
2015-04-23 10:08:39;2.1221567765000002;48.984734841999995;-0.003819649025942895;0.9583333;20.48607
2015-04-23 10:08:40;2.1223228872999997;48.98474581600001;-0.0038164400641138574;0.9583333;20.48607
2015-04-23 10:08:41;2.1224230842;48.984752006;0.01624920199888552;0.9583333;20.48607
2015-04-23 10:08:42;2.1225232041;48.984758015;-0.07331542773338443;0.9583333;20.48607
2015-04-23 10:08:43;2.1226657633;48.984766723;-0.005771085652792385;0.9583333;20.48607
2015-04-23 10:08:44;2.1227719086000003;48.984773458999996;0.01329994063819645;0.9583333;20.48607
2015-04-23 10:08:45;2.122922383;48.98478350600001;0.5069585914688322;0.9583333;20.48607
2015-04-23 10:08:46;2.1230651304;48.984793868000004;3.3520921842514833;0.9583333;20.48607
2015-04-23 10:08:47;2.1231722008;48.984800881000005;4.658167101249635;0.9583333;20.48607
2015-04-23 10:08:48;2.1233560192;48.984812797;5.576531208254639;0.9583333;20.48607
2015-04-23 10:08:49;2.1234322881;48.984817573;5.576534567202401;0.9583333;20.48607
2015-04-23 10:08:50;2.1235757426;48.984826653;4.425122873304158;0.9583333;20.48607
2015-04-23 10:08:51;2.1236783043000003;48.98483346;3.5908906237497407;0.9583333;20.48607
2015-04-23 10:08:52;2.1238264907;48.984844261000006;3.0746723792169366;0.9583333;20.48607
2015-04-23 10:08:53;2.1239226673;48.984851673;2.3114590108848714;0.9583333;20.48607
2015-04-23 10:08:54;2.1240643986000003;48.984863051000005;1.6984453901915795;0.9583333;20.48607
2015-04-23 10:08:55;2.1242012916;48.984875463;1.3189067930730654;0.9583333;20.48607
2015-04-23 10:08:56;2.1242909624;48.984883952;1.178243019149102;0.9583333;20.48607
2015-04-23 10:08:57;2.1244119942;48.984895213;0.7982092744855543;0.9583333;20.48607
2015-04-23 10:08:58;2.1245254256;48.984905278;0.5996257020105533;0.9583333;20.48607
2015-04-23 10:08:59;2.124656119;48.984914503;0.44385735790306524;0.9583333;20.48607
2015-04-23 10:09:00;2.1247442803;48.984919481999995;0.38945124993215124;0.7666666999999999;17.6172
2015-04-23 10:09:01;2.1248780717;48.98492695;0.23273739430052426;0.7666666999999999;17.6172
2015-04-23 10:09:02;2.1249613041999997;48.984932396000005;0.1787737824345329;0.7666666999999999;17.6172
2015-04-23 10:09:03;2.1250961885;48.984942021;0.19823503561124167;0.7666666999999999;17.6172
2015-04-23 10:09:04;2.1251779837;48.984947611;0.21437723750996673;0.7666666999999999;17.6172
2015-04-23 10:09:05;2.1252860285;48.984954791999996;0.06533220161059827;0.7666666999999999;17.6172
2015-04-23 10:09:06;2.1253926406;48.984962032;0.06533589910276749;0.7666666999999999;17.6172
2015-04-23 10:09:07;2.125450835;48.984966005;0.0341572214744113;0.7666666999999999;17.6172
2015-04-23 10:09:08;2.1255039408000003;48.984970233999995;0.007627780017327057;0.7666666999999999;17.6172
2015-04-23 10:09:09;2.125574411;48.984976651000004;0.014977021105060495;0.7666666999999999;17.6172
2015-04-23 10:09:10;2.1256456516;48.984982683;-0.0062658878482980684;0.7666666999999999;17.6172
2015-04-23 10:09:11;2.1256894330000002;48.984985896000005;0.036572680441780525;0.7666666999999999;17.6172
2015-04-23 10:09:12;2.1257516577;48.984990968999995;-0.03624413842112206;0.7666666999999999;17.6172
2015-04-23 10:09:13;2.1257954200999998;48.984994703999995;0.016974471905035426;0.7666666999999999;17.6172
2015-04-23 10:09:14;2.1258676786;48.984999402;0.04785785933977926;0.7666666999999999;17.6172
2015-04-23 10:09:15;2.1258940675;48.98500137600001;0.04786176394514724;0.7666666999999999;17.6172
2015-04-23 10:09:16;2.1259429052;48.985004874;-0.002068025995696998;0.7666666999999999;17.6172
2015-04-23 10:09:17;2.1259776491999998;48.985007253999996;0.022417470013181617;0.7666666999999999;17.6172
2015-04-23 10:09:18;2.1260264167;48.985009523;0.05066616554877118;0.7666666999999999;17.6172
2015-04-23 10:09:19;2.1260598525;48.98500992100001;0.04819698446907528;0.7666666999999999;17.6172
2015-04-23 10:09:20;2.1261148378;48.985007341999996;0.09004270724011698;0.7666666999999999;17.6172
2015-04-23 10:09:21;2.1261768543;48.985000131999996;0.017056085369443807;0.7666666999999999;17.6172
2015-04-23 10:09:22;2.1262199968;48.984993721;-0.029667194231886074;0.7666666999999999;17.6172
2015-04-23 10:09:23;2.1262804478999997;48.984985973;-0.06376015726449366;0.7666666999999999;17.6172
2015-04-23 10:09:24;2.1263395037;48.98498365;0.017426131550917767;0.7666666999999999;17.6172
2015-04-23 10:09:25;2.1264080361;48.984989307;-0.03753923090025632;0.7666666999999999;17.6172
2015-04-23 10:09:26;2.1264521295;48.984997555;0.03597867649626457;0.7666666999999999;17.6172
2015-04-23 10:09:27;2.1265128529;48.985011676000006;-0.03576694720634549;0.7666666999999999;17.6172
2015-04-23 10:09:28;2.1265478274;48.985019836000006;0.07278697321894717;0.7666666999999999;17.6172
2015-04-23 10:09:29;2.1266026;48.985031497;0.058669427544206454;0.7666666999999999;17.6172
2015-04-23 10:09:30;2.1266377773;48.985038282;0.041736029065701674;0.7666666999999999;17.6172
2015-04-23 10:09:31;2.1266947692;48.985047396000006;-0.031141016779812625;0.7666666999999999;17.6172
2015-04-23 10:09:32;2.1267736336;48.985055625;-0.03113667805909104;0.7666666999999999;17.6172
2015-04-23 10:09:33;2.1268259799;48.985059142;0.0018769034315094801;0.7666666999999999;17.6172
2015-04-23 10:09:34;2.1268815071000002;48.985062692;-0.021302265687135002;0.7666666999999999;17.6172
2015-04-23 10:09:35;2.1269686022;48.98506836;0.04207886460259014;0.7666666999999999;17.6172
2015-04-23 10:09:36;2.1270792533000002;48.98507553;0.07676362402728237;0.7666666999999999;17.6172
2015-04-23 10:09:37;2.1271610769;48.985081154;0.03633265286017001;0.7666666999999999;17.6172
2015-04-23 10:09:38;2.1272857782;48.985090035;0.1341976264215496;0.7666666999999999;17.6172
2015-04-23 10:09:39;2.1273784896;48.985096443;0.06899179532029137;0.7666666999999999;17.6172
2015-04-23 10:09:40;2.1275461642;48.985106648;0.18692658513829463;0.7666666999999999;17.6172
2015-04-23 10:09:41;2.1276225792;48.985109265;0.18693117463893988;0.7666666999999999;17.6172
2015-04-23 10:09:42;2.1277741066;48.985111326;0.09809009797385942;0.7666666999999999;17.6172
2015-04-23 10:09:43;2.1278890230000003;48.985110235;-0.007707887298985139;0.7666666999999999;17.6172
2015-04-23 10:09:44;2.1280545788;48.98510674600001;0.04648643453106999;0.7666666999999999;17.6172
2015-04-23 10:09:45;2.1281624903;48.98510424;-0.05038460147250229;0.7666666999999999;17.6172
2015-04-23 10:09:46;2.1283255924;48.985100757;0.03653336529874779;0.7666666999999999;17.6172
2015-04-23 10:09:47;2.1284986857;48.985097776;-0.00893096474593974;0.7666666999999999;17.6172
2015-04-23 10:09:48;2.1286166188999998;48.985096046;0.056508339932237917;0.7666666999999999;17.6172
2015-04-23 10:09:49;2.1287811443;48.985093492;0.014065938742264972;0.7666666999999999;17.6172
2015-04-23 10:09:50;2.1289404047;48.985090459;0.0322641657324102;0.7666666999999999;17.6172
2015-04-23 10:09:51;2.129128336;48.985085838;-0.2622195179945555;0.7666666999999999;17.6172
2015-04-23 10:09:52;2.1292566082;48.985082296;0.020778176525691194;0.7666666999999999;17.6172
2015-04-23 10:09:53;2.1294507489;48.985076501;-0.057356740077428;0.7666666999999999;17.6172
2015-04-23 10:09:54;2.1296513618;48.985070655;0.017105374380097516;0.7666666999999999;17.6172
2015-04-23 10:09:55;2.129785697;48.985067373;0.013377213041853242;0.7666666999999999;17.6172
2015-04-23 10:09:56;2.1299917779;48.985063523;0.05595581826228341;0.7666666999999999;17.6172
2015-04-23 10:09:57;2.1301247281;48.985061551;-0.009995955691457059;0.7666666999999999;17.6172
2015-04-23 10:09:58;2.1303668093;48.985057964;-0.009990884007809342;0.7666666999999999;17.6172
2015-04-23 10:09:59;2.1305126293;48.985055509;-0.024913695918902856;0.7666666999999999;17.6172
2015-04-23 10:10:00;2.1307295968;48.985051938999995;-0.012449030419665996;1.1125;36.93638
2015-04-23 10:10:01;2.130864946;48.98505032;-0.028471186457805164;1.1125;36.93638
2015-04-23 10:10:02;2.1310890822;48.985047753;0.071314078603604;1.1125;36.93638
2015-04-23 10:10:03;2.1312308549;48.985045115;0.034364872416001446;1.1125;36.93638
2015-04-23 10:10:04;2.1314296049;48.98504023;-0.014424906242817226;1.1125;36.93638
2015-04-23 10:10:05;2.1316383251;48.985034166999995;-0.015080421796566934;1.1125;36.93638
2015-04-23 10:10:06;2.1318170191;48.985029778000005;-0.014007126617735066;1.1125;36.93638
2015-04-23 10:10:07;2.1319814641;48.985026213000005;0.012569273823742066;1.1125;36.93638
2015-04-23 10:10:08;2.1321027845;48.985023583;0.03868329413781035;1.1125;36.93638
2015-04-23 10:10:09;2.1323053859;48.98501911899999;0.0006721961484775218;1.1125;36.93638
2015-04-23 10:10:10;2.1324393869;48.985016349;0.12382873887787804;1.1125;36.93638
2015-04-23 10:10:11;2.1326298848;48.985012296;0.003909876992774897;1.1125;36.93638
2015-04-23 10:10:12;2.1327694325;48.985008963;0.014145162589594584;1.1125;36.93638
2015-04-23 10:10:13;2.1329716541;48.985003989;0.15659154630039823;1.1125;36.93638
2015-04-23 10:10:14;2.1331051200999998;48.985000793000005;0.010194558715621915;1.1125;36.93638
2015-04-23 10:10:15;2.1332838842;48.984996689;0.08210013277077638;1.1125;36.93638
2015-04-23 10:10:16;2.1334497115;48.984993267;0.030657382602838734;1.1125;36.93638
2015-04-23 10:10:17;2.1336415424;48.984989773;0.034543907226606;1.1125;36.93638
2015-04-23 10:10:18;2.1338222916;48.98498674100001;-0.07019112267111327;1.1125;36.93638
2015-04-23 10:10:19;2.1339540237;48.984984461;-0.06959217279154092;1.1125;36.93638
2015-04-23 10:10:20;2.1341440524;48.984980971999995;0.01561186753926519;1.1125;36.93638
2015-04-23 10:10:21;2.1342725432;48.98497862399999;0.07442227667649037;1.1125;36.93638
2015-04-23 10:10:22;2.1344643696000003;48.98497497100001;-0.01256922523342624;1.1125;36.93638
2015-04-23 10:10:23;2.1345853246;48.984972567;-0.046453092311619315;1.1125;36.93638
2015-04-23 10:10:24;2.1347981279;48.98496805;-0.04644733389008637;1.1125;36.93638
2015-04-23 10:10:25;2.1349258707;48.984965066;-0.012113418587855862;1.1125;36.93638
2015-04-23 10:10:26;2.135114679;48.984960805;0.04118359502791563;1.1125;36.93638
2015-04-23 10:10:27;2.1353019707;48.984957171000005;-0.09599620074387177;1.1125;36.93638
2015-04-23 10:10:28;2.1354256866;48.984954446;-0.02806523119898302;1.1125;36.93638
2015-04-23 10:10:29;2.135611334;48.984949664;0.011635787878968018;1.1125;36.93638
2015-04-23 10:10:30;2.1357269672;48.984946762;-0.0004029978393140232;1.1125;36.93638
2015-04-23 10:10:31;2.1359169306;48.984942053999994;-0.09583000638043288;1.1125;36.93638
2015-04-23 10:10:32;2.1360824106;48.984938185;0.019168131046844228;1.1125;36.93638
2015-04-23 10:10:33;2.1362380394;48.98493526;0.05899387930265243;1.1125;36.93638
2015-04-23 10:10:34;2.1363517216;48.984933188;0.019081799970676327;1.1125;36.93638
2015-04-23 10:10:35;2.1365405132;48.984929697;0.008719156588454513;1.1125;36.93638
2015-04-23 10:10:36;2.1366606115;48.984927441;0.005397628858232639;1.1125;36.93638
2015-04-23 10:10:37;2.1368306491999998;48.984924317;0.00038642157695051305;1.1125;36.93638
2015-04-23 10:10:38;2.1369529668;48.984922108999996;0.007044500955162847;1.1125;36.93638
2015-04-23 10:10:39;2.1371257424000003;48.984918706;-0.0028916249719739273;1.1125;36.93638
2015-04-23 10:10:40;2.1372883861000003;48.984915626;0.03596402347139399;1.1125;36.93638
2015-04-23 10:10:41;2.1374800048;48.984911476;0.03597016460612207;1.1125;36.93638
2015-04-23 10:10:42;2.1375923993;48.984908916;-0.0005293495094668699;1.1125;36.93638
2015-04-23 10:10:43;2.1377011341;48.984906417;-0.040739377029829466;1.1125;36.93638
2015-04-23 10:10:44;2.1378473222;48.984902858999995;0.025393959600486682;1.1125;36.93638
2015-04-23 10:10:45;2.1379418729;48.984900495;0.019728023492967373;1.1125;36.93638
2015-04-23 10:10:46;2.1380570871;48.984897812;-0.0047546856061485565;1.1125;36.93638
2015-04-23 10:10:47;2.1381220688;48.984896403;0.017391562104329406;1.1125;36.93638
2015-04-23 10:10:48;2.1382080159;48.984894815;-0.01746664555380789;1.1125;36.93638
2015-04-23 10:10:49;2.1383019046;48.984893413;0.008204012597074983;1.1125;36.93638
2015-04-23 10:10:50;2.1383348596;48.984892918999996;0.008210355666774971;1.1125;36.93638
2015-04-23 10:10:51;2.1383763668;48.984892136000006;0.06005008347544216;1.1125;36.93638
2015-04-23 10:10:52;2.1384358826;48.984890931;0.018399066968580402;1.1125;36.93638
2015-04-23 10:10:53;2.1384954276;48.984889274;0.00999535324062073;1.1125;36.93638
2015-04-23 10:10:54;2.138537591;48.984888057;0.07244139092242613;1.1125;36.93638
2015-04-23 10:10:55;2.1386055233000003;48.984886215;-0.054914609359264704;1.1125;36.93638
2015-04-23 10:10:56;2.1386521634999998;48.984884853000004;0.024177111100257553;1.1125;36.93638
2015-04-23 10:10:57;2.1387347802;48.984882498999994;0.018715619219078772;1.1125;36.93638
2015-04-23 10:10:58;2.1388123234;48.984880929;-0.013468663993613572;1.1125;36.93638
2015-04-23 10:10:59;2.1388974535;48.984879447;0.06023613466351624;1.1125;36.93638
2015-04-23 10:11:00;2.1389619515000002;48.98487840399999;-0.004737298214335217;0.6375;322.3725
2015-04-23 10:11:01;2.1390714447;48.984876893999996;0.038894067995287274;0.6375;322.3725
2015-04-23 10:11:02;2.1391499406;48.984875715;0.04265169916001316;0.6375;322.3725
2015-04-23 10:11:03;2.1392676402;48.984873863000004;0.054938652512154906;0.6375;322.3725
2015-04-23 10:11:04;2.1393543061;48.984872496;-0.007632515494175873;0.6375;322.3725
2015-04-23 10:11:05;2.1394763130000003;48.984870281999996;0.05271568967385876;0.6375;322.3725
2015-04-23 10:11:06;2.139590647;48.98486751;0.09117671426101515;0.6375;322.3725
2015-04-23 10:11:07;2.1397226921;48.984863777;0.091183457025175;0.6375;322.3725
2015-04-23 10:11:08;2.1397629606;48.98486263;0.019620451076175383;0.6375;322.3725
2015-04-23 10:11:09;2.139881098;48.984858752;0.05658546150032567;0.6375;322.3725
2015-04-23 10:11:10;2.1399953096;48.984854131999995;0.05023980213405438;0.6375;322.3725
2015-04-23 10:11:11;2.1400752178999998;48.984849993999994;0.07695351689637475;0.6375;322.3725
2015-04-23 10:11:12;2.1401890153;48.984841458000005;0.04675336179785383;0.6375;322.3725
2015-04-23 10:11:13;2.1402610414;48.984834916000004;0.06314113641221741;0.6375;322.3725
2015-04-23 10:11:14;2.1403644198;48.984824804;0.032590372083814934;0.6375;322.3725
2015-04-23 10:11:15;2.1404866174;48.984812113000004;0.0016119276500453084;0.6375;322.3725
2015-04-23 10:11:16;2.1405347638;48.984806708;0.0016188961122223788;0.6375;322.3725
2015-04-23 10:11:17;2.140594605;48.984799621;0.026156174047843317;0.6375;322.3725
2015-04-23 10:11:18;2.1406742534;48.98478922100001;0.010455005837180453;0.6375;322.3725
2015-04-23 10:11:19;2.1407363204;48.984779794;0.030918076519706683;0.6375;322.3725
2015-04-23 10:11:20;2.1407654186;48.984775086000006;-0.019057014540608985;0.6375;322.3725
2015-04-23 10:11:21;2.1408008922999997;48.984772719;-0.017020431419101312;0.6375;322.3725
2015-04-23 10:11:22;2.1408198124;48.984777061;-0.01191769413119792;0.6375;322.3725
2015-04-23 10:11:23;2.1408397513;48.984792676000005;-0.026162995300799796;0.6375;322.3725
2015-04-23 10:11:24;2.1408421635;48.98480820899999;-0.02787277222711787;0.6375;322.3725
2015-04-23 10:11:25;2.1408346566;48.98481987;0.04294493690815737;0.6375;322.3725
2015-04-23 10:11:26;2.140826534;48.984826233999996;-0.017820986349672108;0.6375;322.3725
2015-04-23 10:11:27;2.1408164502;48.984831905;0.003114362623303113;0.6375;322.3725
2015-04-23 10:11:28;2.1408149829;48.984832482;0.053738179725503266;0.6375;322.3725
2015-04-23 10:11:29;2.1408212722999997;48.984828913;0.05742486874960678;0.6375;322.3725
2015-04-23 10:11:30;2.1408423485;48.98481864399999;0.0642181492060876;0.6375;322.3725
2015-04-23 10:11:31;2.1408624211;48.984810423999996;0.06044588341217444;0.6375;322.3725
2015-04-23 10:11:32;2.140885705;48.9848026;0.0036276340136160434;0.6375;322.3725
2015-04-23 10:11:33;2.1408948040999998;48.98480025;0.0036350652356600954;0.6375;322.3725
2015-04-23 10:11:34;2.1408887677;48.984801577;-0.027864547310215204;0.6375;322.3725
2015-04-23 10:11:35;2.1408725881;48.984803668000005;0.035439567670723704;0.6375;322.3725
2015-04-23 10:11:36;2.1408329269;48.984804906;0.0738084466406615;0.6375;322.3725
2015-04-23 10:11:37;2.1407931175;48.984803865;-0.027831119581013086;0.6375;322.3725
2015-04-23 10:11:38;2.1407278568;48.984802238;0.09058201437941915;0.6375;322.3725
2015-04-23 10:11:39;2.1406781687;48.98480363;0.025230928248003992;0.6375;322.3725
2015-04-23 10:11:40;2.1405915882;48.984811458;-0.02314590645487652;0.6375;322.3725
2015-04-23 10:11:41;2.140459513;48.984826128;-0.08693853807511565;0.6375;322.3725
2015-04-23 10:11:42;2.140393;48.984832656;-0.0869308306869171;0.6375;322.3725
2015-04-23 10:11:43;2.1402656274000003;48.984843595;-0.006846635606058249;0.6375;322.3725
2015-04-23 10:11:44;2.1401672112;48.984850945;-0.03268051971705743;0.6375;322.3725
2015-04-23 10:11:45;2.1400148218;48.984861521999996;-0.017964729201371044;0.6375;322.3725
2015-04-23 10:11:46;2.1399101093;48.984867752;-0.08018222987778081;0.6375;322.3725
2015-04-23 10:11:47;2.1397480722999997;48.984875233000004;0.0268425804062436;0.6375;322.3725
2015-04-23 10:11:48;2.1395835835;48.98488113;0.03358826231021417;0.6375;322.3725
2015-04-23 10:11:49;2.1394717909;48.984884918;-0.14821982934022107;0.6375;322.3725
2015-04-23 10:11:50;2.139322016;48.984889700000004;0.0244297093989706;0.6375;322.3725
2015-04-23 10:11:51;2.1391820005;48.984893254;-0.03213773179299578;0.6375;322.3725
2015-04-23 10:11:52;2.1390194314;48.984896555;-0.07562253652244735;0.6375;322.3725
2015-04-23 10:11:53;2.1389171574;48.984898914;0.01518708476235947;0.6375;322.3725
2015-04-23 10:11:54;2.1387706397999997;48.984902916;-0.01995247895023955;0.6375;322.3725
2015-04-23 10:11:55;2.1386799025;48.984905149;0.025899812483890505;0.6375;322.3725
2015-04-23 10:11:56;2.1385306623;48.984908327;0.040824115415739715;0.6375;322.3725
2015-04-23 10:11:57;2.1384305252;48.98491022;-0.0987292815539775;0.6375;322.3725
2015-04-23 10:11:58;2.1382788485;48.984913189;0.002313400022997736;0.6375;322.3725
2015-04-23 10:11:59;2.1380879786;48.9849176;0.0023216972290980853;0.6375;322.3725
2015-04-23 10:12:00;2.1379666595;48.984920443;-0.02408209119558191;1.4875;311.9091
2015-04-23 10:12:01;2.1378411868000002;48.984923177;-0.01643379492582847;1.4875;311.9091
2015-04-23 10:12:02;2.1376514097999997;48.984926834;-0.0075931014823557574;1.4875;311.9091
2015-04-23 10:12:03;2.1375124681999997;48.98492918;-0.04599312770209796;1.4875;311.9091
2015-04-23 10:12:04;2.1373075944999997;48.984932567;-0.026735566347780793;1.4875;311.9091
2015-04-23 10:12:05;2.137099554;48.984936037;-0.09424804373221718;1.4875;311.9091
2015-04-23 10:12:06;2.1369343368;48.984938743;0.10676251322701225;1.4875;311.9091
2015-04-23 10:12:07;2.1366292227;48.984944166999995;-0.029952403507431835;1.4875;311.9091
2015-04-23 10:12:08;2.1364922174000003;48.984947371000004;-0.029943756312479586;1.4875;311.9091
2015-04-23 10:12:09;2.1362325943;48.984953415;0.06125314958433159;1.4875;311.9091
2015-04-23 10:12:10;2.1360350165;48.98495754100001;0.036219304708132505;1.4875;311.9091
2015-04-23 10:12:11;2.1357470527;48.984962861999996;0.00582846083495403;1.4875;311.9091
2015-04-23 10:12:12;2.1355522995;48.984966119;0.12290446183342096;1.4875;311.9091
2015-04-23 10:12:13;2.1352512681;48.984971163000004;0.00045243480888440546;1.4875;311.9091
2015-04-23 10:12:14;2.1349383562;48.984977131;-0.015557489965416393;1.4875;311.9091
2015-04-23 10:12:15;2.1347328683;48.984981733999994;0.07480766385347903;1.4875;311.9091
2015-04-23 10:12:16;2.1344508475999997;48.984988545;0.08733405950547546;1.4875;311.9091
2015-04-23 10:12:17;2.1341867287;48.984994828000005;0.07641780895283001;1.4875;311.9091
2015-04-23 10:12:18;2.1338826549000003;48.98500099100001;0.11225845374148413;1.4875;311.9091
2015-04-23 10:12:19;2.1336865233;48.985004548999996;0.050336515830220196;1.4875;311.9091
2015-04-23 10:12:20;2.1333955343;48.985010042;-0.03363607583271383;1.4875;311.9091
2015-04-23 10:12:21;2.1332128236;48.985013609;0.10365685194999769;1.4875;311.9091
2015-04-23 10:12:22;2.1329241423;48.985019044;0.034774704344491925;1.4875;311.9091
2015-04-23 10:12:23;2.13274223;48.98502242;0.17147212220417324;1.4875;311.9091
2015-04-23 10:12:24;2.1324861416;48.985027306000006;0.028467984804682434;1.4875;311.9091
2015-04-23 10:12:25;2.1321895538;48.985033083000005;0.02847736904646142;1.4875;311.9091
2015-04-23 10:12:26;2.1320133526;48.985036585;-0.047971060308992064;1.4875;311.9091
2015-04-23 10:12:27;2.1317508939;48.9850415;0.01697868952637699;1.4875;311.9091
2015-04-23 10:12:28;2.1315881823;48.98504444100001;-0.04784579223554719;1.4875;311.9091
2015-04-23 10:12:29;2.1313186162;48.98504981399999;-0.038806237097664675;1.4875;311.9091
2015-04-23 10:12:30;2.1311487082;48.985053681000004;0.004378047075712266;1.4875;311.9091
2015-04-23 10:12:31;2.1309075763;48.985059672;0.024628327168051967;1.4875;311.9091
2015-04-23 10:12:32;2.1306480541;48.985066827;-0.11870532117152122;1.4875;311.9091
2015-04-23 10:12:33;2.1304231451;48.985074084;-0.0027629213048639967;1.4875;311.9091
2015-04-23 10:12:34;2.1302945714;48.985078551;-0.0027531082207736257;1.4875;311.9091
2015-04-23 10:12:35;2.1300554785;48.985085066;0.03527335267040643;1.4875;311.9091
2015-04-23 10:12:36;2.1298852976;48.985087879;-0.06451055919764317;1.4875;311.9091
2015-04-23 10:12:37;2.1296419144;48.985091403999995;0.007550277413844342;1.4875;311.9091
2015-04-23 10:12:38;2.1294108178;48.985095003999994;0.011398969687514082;1.4875;311.9091
2015-04-23 10:12:39;2.1292430918000003;48.985097913000004;-0.1204297696978765;1.4875;311.9091
2015-04-23 10:12:40;2.1290042103;48.985102373000004;-0.03189678374059585;1.4875;311.9091
2015-04-23 10:12:41;2.1288504431999997;48.985104936000006;0.05990064383169791;1.4875;311.9091
2015-04-23 10:12:42;2.1286448326;48.985108025;-0.07296467151061664;1.4875;311.9091
2015-04-23 10:12:43;2.1284522013;48.985111511999996;-0.0006149880367199989;1.4875;311.9091
2015-04-23 10:12:44;2.1282363542;48.985115403;-0.025155326289351188;1.4875;311.9091
2015-04-23 10:12:45;2.1280970168;48.985117038;-0.020201627393150512;1.4875;311.9091
2015-04-23 10:12:46;2.1278946332;48.985117721;-0.03965543302490815;1.4875;311.9091
2015-04-23 10:12:47;2.127705131;48.985115916000005;-0.02784750558778376;1.4875;311.9091
2015-04-23 10:12:48;2.1275859803;48.985113048;0.046228314342258936;1.4875;311.9091
2015-04-23 10:12:49;2.1274139346000003;48.985105718999996;0.06859014937803909;1.4875;311.9091
2015-04-23 10:12:50;2.127313567;48.985099886;0.06398152749108565;1.4875;311.9091
2015-04-23 10:12:51;2.1271491992;48.985089983;0.06399220270923006;1.4875;311.9091
2015-04-23 10:12:52;2.1270597355;48.985084543999996;0.05399199582651126;1.4875;311.9091
2015-04-23 10:12:53;2.1269349646;48.985076176999996;-0.09838390256245291;1.4875;311.9091
2015-04-23 10:12:54;2.1268198403;48.98506814899999;-0.015169298784842578;1.4875;311.9091
2015-04-23 10:12:55;2.1267457937;48.985064902;-0.03500846036396674;1.4875;311.9091
2015-04-23 10:12:56;2.1266359075;48.985067838;-0.010080931290049222;1.4875;311.9091
2015-04-23 10:12:57;2.1265661866;48.985076938;-0.048377558738090465;1.4875;311.9091
2015-04-23 10:12:58;2.1264579614;48.985094782;0.017285521636414114;1.4875;311.9091
2015-04-23 10:12:59;2.1263657005;48.985100411000005;0.12307411398196744;1.4875;311.9091
2015-04-23 10:13:00;2.1263104773;48.985095911;0.12308526397069558;1.4625;325.1747
2015-04-23 10:13:01;2.126216878;48.985075516;-0.09906545368488978;1.4625;325.1747
2015-04-23 10:13:02;2.1261156351;48.985045193000005;0.018766930081826172;1.4625;325.1747
2015-04-23 10:13:03;2.1260460072;48.985028658999994;0.06594359139898548;1.4625;325.1747
2015-04-23 10:13:04;2.1259426641999997;48.985012918;-0.005290643244331816;1.4625;325.1747
2015-04-23 10:13:05;2.1258637457;48.985005998000005;0.019715902945424912;1.4625;325.1747
2015-04-23 10:13:06;2.1257431898;48.984998786999995;-0.07501356583232824;1.4625;325.1747
2015-04-23 10:13:07;2.1256162739;48.984991785;-0.03157282312178794;1.4625;325.1747
2015-04-23 10:13:08;2.12552958;48.984986432;-0.03156124799245902;1.4625;325.1747
2015-04-23 10:13:09;2.1254042023;48.984977887;-0.07154250745894228;1.4625;325.1747
2015-04-23 10:13:10;2.1252519047;48.98496689;0.004754238996575788;1.4625;325.1747
2015-04-23 10:13:11;2.1251005177;48.98495607899999;0.003981978562945465;1.4625;325.1747
2015-04-23 10:13:12;2.1249874509;48.984949651;0.09635055382001007;1.4625;325.1747
2015-04-23 10:13:13;2.1248203865;48.984943933000004;-0.0021280534282039354;1.4625;325.1747
2015-04-23 10:13:14;2.1247078834;48.98494142;-0.07019466921563985;1.4625;325.1747
2015-04-23 10:13:15;2.1245377055000003;48.984937027;0.00018966746307208515;1.4625;325.1747
2015-04-23 10:13:16;2.1243237966;48.984933843;0.024145011565318064;1.4625;325.1747
2015-04-23 10:13:17;2.1242368788999997;48.984927094;0.02415706447899313;1.4625;325.1747
2015-04-23 10:13:18;2.1241218813;48.984916356999996;0.017446913391209795;1.4625;325.1747
2015-04-23 10:13:19;2.1239514144;48.984901048000005;0.027236517411044048;1.4625;325.1747
2015-04-23 10:13:20;2.1237818873;48.984886094;0.31323504437240546;1.4625;325.1747
2015-04-23 10:13:21;2.1236691239;48.98487506;0.5468026954618415;1.4625;325.1747
2015-04-23 10:13:22;2.1234979322;48.984858318;2.3768342690597257;1.4625;325.1747
2015-04-23 10:13:23;2.1233866134;48.984848233;4.701682594862798;1.4625;325.1747
2015-04-23 10:13:24;2.1231988193;48.984830669;5.699780920208628;1.4625;325.1747
2015-04-23 10:13:25;2.1230345487999998;48.984816585;4.9010570377196325;1.4625;325.1747
2015-04-23 10:13:26;2.1228757887;48.984804649;1.7460885113725304;1.4625;325.1747
2015-04-23 10:13:27;2.1227599118000002;48.98479643100001;1.0576707065333955;1.4625;325.1747
2015-04-23 10:13:28;2.1225682338;48.984781762;0.7457544765175249;1.4625;325.1747
2015-04-23 10:13:29;2.1224446112;48.98477239;0.5116688123340105;1.4625;325.1747
2015-04-23 10:13:30;2.1222630162000002;48.984759358000005;0.3214972229293438;1.4625;325.1747
2015-04-23 10:13:31;2.1221310928;48.984749941000004;0.0423726142523545;1.4625;325.1747
2015-04-23 10:13:32;2.1219435027;48.984736753;0.08658659554192538;1.4625;325.1747
2015-04-23 10:13:33;2.1217674163;48.984724895;0.10118942436894945;1.4625;325.1747
2015-04-23 10:13:34;2.1216564247;48.98471766;0.10120237695829543;1.4625;325.1747
2015-04-23 10:13:35;2.1215015158000003;48.984706787;0.014326717336300365;1.4625;325.1747
2015-04-23 10:13:36;2.1213213191999998;48.984692614;-0.012215886294064726;1.4625;325.1747
2015-04-23 10:13:37;2.1211454515;48.984678565;-0.0035997727041917615;1.4625;325.1747
2015-04-23 10:13:38;2.1210164439;48.984668533000004;0.08266101265092152;1.4625;325.1747
2015-04-23 10:13:39;2.1208344826;48.984655366000005;0.05414261696164985;1.4625;325.1747
2015-04-23 10:13:40;2.1207146575999998;48.984647436;0.05457701131138398;1.4625;325.1747
2015-04-23 10:13:41;2.1205354401;48.9846363;-0.12133358824519042;1.4625;325.1747
2015-04-23 10:13:42;2.120315109;48.98462232;-0.008587492046055245;1.4625;325.1747
2015-04-23 10:13:43;2.1202237015;48.984616415;-0.008574060726348753;1.4625;325.1747
2015-04-23 10:13:44;2.1201068137;48.984608805;0.010296364439222994;1.4625;325.1747
2015-04-23 10:13:45;2.1199325579;48.98459732600001;-0.19201650130276968;1.4625;325.1747
2015-04-23 10:13:46;2.1197606651;48.984585645;-0.04502999190417689;1.4625;325.1747
2015-04-23 10:13:47;2.1196477888;48.984577465;0.029316545396042837;1.4625;325.1747
2015-04-23 10:13:48;2.1194812745;48.984565143000005;0.018915607434511428;1.4625;325.1747
2015-04-23 10:13:49;2.1193762605;48.984557548000005;0.01806624693377268;1.4625;325.1747
2015-04-23 10:13:50;2.1192056426;48.98454466;-0.2185960923037438;1.4625;325.1747
2015-04-23 10:13:51;2.1190533721;48.984533201000005;0.05499289323717532;1.4625;325.1747
2015-04-23 10:13:52;2.1189073322;48.98452288;0.033926978260917395;1.4625;325.1747
2015-04-23 10:13:53;2.1187984118000003;48.984515103999996;0.049387276613711395;1.4625;325.1747
2015-04-23 10:13:54;2.1186136611;48.984501724;-0.033279450134803656;1.4625;325.1747
2015-04-23 10:13:55;2.1184320759;48.984489544;-0.04519880539854568;1.4625;325.1747
2015-04-23 10:13:56;2.1183152101;48.984481857;0.024483390016602657;1.4625;325.1747
2015-04-23 10:13:57;2.1181239249;48.984469049;-0.01696065146682374;1.4625;325.1747
2015-04-23 10:13:58;2.1179989043000003;48.984460658;-0.08046452574823384;1.4625;325.1747
2015-04-23 10:13:59;2.1178211696;48.98444899;0.022334726098912905;1.4625;325.1747
2015-04-23 10:14:00;2.1176051466;48.984435153999996;0.022349061719630525;1.4;0.7714779
2015-04-23 10:14:01;2.1174637993000003;48.984426078;0.23272050262309052;1.4;0.7714779
2015-04-23 10:14:02;2.1173133713;48.984415576;0.07348849077376213;1.4;0.7714779
2015-04-23 10:14:03;2.1170744536000003;48.984398036;0.14983940866715756;1.4;0.7714779
2015-04-23 10:14:04;2.1168948575999997;48.984384695;0.045976069542499776;1.4;0.7714779
2015-04-23 10:14:05;2.1166270399;48.984365151000006;0.006471694952092655;1.4;0.7714779
2015-04-23 10:14:06;2.1163570166;48.984346355;0.01384509070106088;1.4;0.7714779
2015-04-23 10:14:07;2.1161555883000003;48.984332366000004;-0.0703174724978366;1.4;0.7714779
2015-04-23 10:14:08;2.1158019404;48.984307388999994;0.04247226741577431;1.4;0.7714779
2015-04-23 10:14:09;2.1156566265;48.984297006000006;0.04248708272428475;1.4;0.7714779
2015-04-23 10:14:10;2.1153919959;48.98427871;0.025844459209801884;1.4;0.7714779
2015-04-23 10:14:11;2.1152060163;48.984266103;0.04061167130295101;1.4;0.7714779
2015-04-23 10:14:12;2.1149453402000002;48.984247885;0.028314254962520657;1.4;0.7714779
2015-04-23 10:14:13;2.1147799606;48.984236108000005;-0.027665612373878545;1.4;0.7714779
2015-04-23 10:14:14;2.1145404409;48.984219646999996;0.020449797153895277;1.4;0.7714779
2015-04-23 10:14:15;2.1143088891;48.984204377;0.06008141625687213;1.4;0.7714779
2015-04-23 10:14:16;2.1141655342;48.98419475;-0.0177230987216766;1.4;0.7714779
2015-04-23 10:14:17;2.1139812592;48.984182188999995;0.04691735505860789;1.4;0.7714779
2015-04-23 10:14:18;2.1138193528;48.984170757;0.03201152874699725;1.4;0.7714779
2015-04-23 10:14:19;2.113641573;48.98415836;0.0049139455686891265;1.4;0.7714779
2015-04-23 10:14:20;2.1135319777;48.984150906;0.026247329249328433;1.4;0.7714779
2015-04-23 10:14:21;2.1133820291;48.984140749;0.014044690029325235;1.4;0.7714779
2015-04-23 10:14:22;2.1133031579;48.984137945;0.003807188219082547;1.4;0.7714779
2015-04-23 10:14:23;2.1132042924000003;48.98414695100001;0.032504317561563356;1.4;0.7714779
2015-04-23 10:14:24;2.1131569215;48.984161822;0.010754249245762237;1.4;0.7714779
2015-04-23 10:14:25;2.1131013941;48.984183933000004;0.020313062517682667;1.4;0.7714779
2015-04-23 10:14:26;2.1130440383;48.984193292;0.02032880855809943;1.4;0.7714779
2015-04-23 10:14:27;2.1130174073;48.984187598999995;0.022380610590859995;1.4;0.7714779
2015-04-23 10:14:28;2.1129950936;48.98417353600001;0.023971553877201013;1.4;0.7714779
2015-04-23 10:14:29;2.1129915486;48.98416911;0.02585626209657399;1.4;0.7714779
2015-04-23 10:14:30;2.1129916387;48.98416794;0.003584658501453175;1.4;0.7714779
2015-04-23 10:14:31;2.1129921665999998;48.984168161999996;0.03140446923541157;1.4;0.7714779
2015-04-23 10:14:32;2.1129927928;48.98416844;0.01446661946003358;1.4;0.7714779
2015-04-23 10:14:33;2.1129931540999998;48.984168661999995;-0.024303254869578905;1.4;0.7714779
2015-04-23 10:14:34;2.1129920265;48.984166253000005;0.0038228706178375926;1.4;0.7714779
2015-04-23 10:14:35;2.1129909363;48.984159865;0.0038391282005046934;1.4;0.7714779
2015-04-23 10:14:36;2.1129961812999998;48.984141816000005;0.020413772482067438;1.4;0.7714779
2015-04-23 10:14:37;2.1130279757;48.984121302;0.012141389110039424;1.4;0.7714779
2015-04-23 10:14:38;2.1130688257;48.98411357;0.04137667452936156;1.4;0.7714779
2015-04-23 10:14:39;2.1131444244999997;48.9841105;-0.00985196637629332;1.4;0.7714779
2015-04-23 10:14:40;2.1132096403;48.984112978;-0.06366518038833607;1.4;0.7714779
2015-04-23 10:14:41;2.1133232014;48.984120217;0.023642599416324295;1.4;0.7714779
2015-04-23 10:14:42;2.1134118517;48.984126114;0.04042396889208916;1.4;0.7714779
2015-04-23 10:14:43;2.1135450776;48.984134923;0.06972290719331453;1.4;0.7714779
2015-04-23 10:14:44;2.1136793767;48.984144048999994;0.048275877901892195;1.4;0.7714779
2015-04-23 10:14:45;2.113846831;48.984156088999995;0.02164090737652752;1.4;0.7714779
2015-04-23 10:14:46;2.113964637;48.984164619;0.029534128730887566;1.4;0.7714779
2015-04-23 10:14:47;2.1141470543;48.984177473;0.01393206500084676;1.4;0.7714779
2015-04-23 10:14:48;2.1143381494;48.984190337;0.0010431733321454861;1.4;0.7714779
2015-04-23 10:14:49;2.1144673296;48.984198683;0.022271735158703565;1.4;0.7714779
2015-04-23 10:14:50;2.1146682130000003;48.984211672;0.008503309979540075;1.4;0.7714779
2015-04-23 10:14:51;2.1147959604;48.98422028;0.05759710535621987;1.4;0.7714779
2015-04-23 10:14:52;2.1150260878;48.984236756;0.057614357899950897;1.4;0.7714779
2015-04-23 10:14:53;2.1151665048;48.984247617;0.02119702155795783;1.4;0.7714779
2015-04-23 10:14:54;2.1153760769;48.984263911999996;0.05383431489938817;1.4;0.7714779
2015-04-23 10:14:55;2.1155101369;48.984274075;0.0813250409372393;1.4;0.7714779
2015-04-23 10:14:56;2.1157268240000002;48.984289798;0.029763017173086048;1.4;0.7714779
2015-04-23 10:14:57;2.1158626614;48.98429949;0.09707970416053952;1.4;0.7714779
2015-04-23 10:14:58;2.1160558946;48.984313248;0.29643763387092;1.4;0.7714779
2015-04-23 10:14:59;2.1162601955;48.98432763;0.30371506064508713;1.4;0.7714779
2015-04-23 10:15:00;2.1164388855;48.984340575;0.22911496831283995;1.3625;18.1351
2015-04-23 10:15:01;2.1165394546000003;48.984347861;0.22913276562466872;1.3625;18.1351
2015-04-23 10:15:02;2.1167253437999998;48.98436057399999;0.1238580694189777;1.3625;18.1351
2015-04-23 10:15:03;2.1169199512;48.984372836000006;0.10832596027573838;1.3625;18.1351
2015-04-23 10:15:04;2.1170443476;48.984380586;0.10456823743494065;1.3625;18.1351
2015-04-23 10:15:05;2.1172198313;48.98439196100001;0.056429735551178195;1.3625;18.1351
2015-04-23 10:15:06;2.1173443131;48.98440068;0.06751439863329778;1.3625;18.1351
2015-04-23 10:15:07;2.1175174516;48.98441202;0.10366240919821973;1.3625;18.1351
2015-04-23 10:15:08;2.1176302038999997;48.984419431000006;-0.1414151831347479;1.3625;18.1351
2015-04-23 10:15:09;2.1177854791;48.984430161999995;-0.0798837325158977;1.3625;18.1351
2015-04-23 10:15:10;2.1179258018000002;48.984439646999995;0.09122247679399353;1.3625;18.1351
2015-04-23 10:15:11;2.1180932647;48.984451445;0.024847969225955113;1.3625;18.1351
2015-04-23 10:15:12;2.1182007137;48.984459162;0.09937777161349298;1.3625;18.1351
2015-04-23 10:15:13;2.1183572707;48.984470581000004;-0.10745436604925815;1.3625;18.1351
2015-04-23 10:15:14;2.1185100753;48.984481533;-0.28607202107698715;1.3625;18.1351
2015-04-23 10:15:15;2.1186095163;48.984488432;0.0012928801862441275;1.3625;18.1351
2015-04-23 10:15:16;2.1187546268;48.984498265;0.02194976982539265;1.3625;18.1351
2015-04-23 10:15:17;2.1188460444;48.984504724;-0.030549483642128394;1.3625;18.1351
2015-04-23 10:15:18;2.1190033417;48.98451540600001;-0.03053062740928769;1.3625;18.1351
2015-04-23 10:15:19;2.1190921987;48.984520964;0.009659984293060975;1.3625;18.1351
2015-04-23 10:15:20;2.1192195046;48.984528607;-0.003659649663304565;1.3625;18.1351
2015-04-23 10:15:21;2.1192958392;48.984533248000005;0.034399175075384314;1.3625;18.1351
2015-04-23 10:15:22;2.1194163576;48.984541385;0.08698769775166104;1.3625;18.1351
2015-04-23 10:15:23;2.1194914299;48.984546807;-0.008923101863944793;1.3625;18.1351
2015-04-23 10:15:24;2.1195994084;48.984554827;-0.015561170506180277;1.3625;18.1351
2015-04-23 10:15:25;2.1197133383;48.984563205;0.02010931822365608;1.3625;18.1351
2015-04-23 10:15:26;2.1198112021;48.984570335;0.019259018643439874;1.3625;18.1351
2015-04-23 10:15:27;2.1198657894;48.984574175;0.01927844504852;1.3625;18.1351
2015-04-23 10:15:28;2.1199659843000003;48.984581119;0.03567108265016006;1.3625;18.1351
2015-04-23 10:15:29;2.1200722063;48.984588706000004;0.06577928313873443;1.3625;18.1351
2015-04-23 10:15:30;2.1201406443;48.984593493999995;0.030967702396939134;1.3625;18.1351
2015-04-23 10:15:31;2.1202387911000002;48.984600276;0.16139775068846585;1.3625;18.1351
2015-04-23 10:15:32;2.1203099506;48.984605237;0.08808258099762745;1.3625;18.1351
2015-04-23 10:15:33;2.1204117281;48.984612858999995;0.10376448337732541;1.3625;18.1351
2015-04-23 10:15:34;2.1205111491;48.984620346999996;-0.013698029522181132;1.3625;18.1351
2015-04-23 10:15:35;2.1205769334;48.984625103999996;-0.013678096005549256;1.3625;18.1351
2015-04-23 10:15:36;2.1206721517;48.984632004;0.003705465934934704;1.3625;18.1351
2015-04-23 10:15:37;2.1207858911;48.984639714;0.05248177394417297;1.3625;18.1351
2015-04-23 10:15:38;2.1208946747;48.984646826;0.08995668213516972;1.3625;18.1351
2015-04-23 10:15:39;2.120974056;48.984652035;0.039063740585658036;1.3625;18.1351
2015-04-23 10:15:40;2.1210853096;48.984659268;0.069178005953761;1.3625;18.1351
2015-04-23 10:15:41;2.1211578269999998;48.984663874;0.04204276521681971;1.3625;18.1351
2015-04-23 10:15:42;2.1212676523;48.984671367;-0.030301290035353756;1.3625;18.1351
2015-04-23 10:15:43;2.1214047899;48.984680712;-0.08648396502152575;1.3625;18.1351
2015-04-23 10:15:44;2.1214651612;48.984684976000004;-0.08646346405410929;1.3625;18.1351
2015-04-23 10:15:45;2.1215443324;48.984690803999996;0.0402665598122679;1.3625;18.1351
2015-04-23 10:15:46;2.1216627222;48.984699706;0.3675352270996011;1.3625;18.1351
2015-04-23 10:15:47;2.1217844366;48.984708162;0.277326968258487;1.3625;18.1351
2015-04-23 10:15:48;2.1218655268;48.984713692;0.4164328889537125;1.3625;18.1351
2015-04-23 10:15:49;2.1219889791;48.984721907;0.5101665124880981;1.3625;18.1351
2015-04-23 10:15:50;2.1220656224;48.984727015;0.7278710086864277;1.3625;18.1351
2015-04-23 10:15:51;2.1221919016;48.984735528;1.0216240022340268;1.3625;18.1351
2015-04-23 10:15:52;2.1223012634000002;48.984742604;1.2287360025083882;1.3625;18.1351
2015-04-23 10:15:53;2.1224045489;48.98474906;1.3894237851844966;1.3625;18.1351
2015-04-23 10:15:54;2.1224800938;48.984753319;1.532995597637328;1.3625;18.1351
2015-04-23 10:15:55;2.1226039725;48.984761086000006;1.772366199842401;1.3625;18.1351
2015-04-23 10:15:56;2.1226833874;48.984765582;2.0705101794472043;1.3625;18.1351
2015-04-23 10:15:57;2.1227944233000002;48.984770783;2.9068589785409635;1.3625;18.1351
2015-04-23 10:15:58;2.1228725064;48.984775153;3.210838473984445;1.3625;18.1351
2015-04-23 10:15:59;2.1229816876;48.984782118999995;3.4041320626326264;1.3625;18.1351
2015-04-23 10:16:00;2.1230848657;48.984789072;4.565427434366479;1.5125;2.166155
2015-04-23 10:16:01;2.1231470938999997;48.984793851999996;4.565449005826152;1.5125;2.166155
2015-04-23 10:16:02;2.123232357;48.984800746000005;4.703894492626833;1.5125;2.166155
2015-04-23 10:16:03;2.1233297032;48.984808208000004;4.064930173128904;1.5125;2.166155
2015-04-23 10:16:04;2.1234222844999997;48.984814772;2.9056663355933354;1.5125;2.166155
2015-04-23 10:16:05;2.1234890866;48.984820081;2.205594531689468;1.5125;2.166155
2015-04-23 10:16:06;2.1235778521;48.98482722;1.8890598813343034;1.5125;2.166155
2015-04-23 10:16:07;2.1236308749;48.984831551000006;1.5208974580703662;1.5125;2.166155
2015-04-23 10:16:08;2.1237039884;48.984837346999996;0.8251712328504177;1.5125;2.166155
2015-04-23 10:16:09;2.123785849;48.984843274;0.7348423713159957;1.5125;2.166155
2015-04-23 10:16:10;2.1238170575999997;48.984845367;0.7348645120420851;1.5125;2.166155
2015-04-23 10:16:11;2.1238557472;48.984847931000004;0.21426275357440755;1.5125;2.166155
2015-04-23 10:16:12;2.123908631;48.984851546;0.2969098083378141;1.5125;2.166155
2015-04-23 10:16:13;2.1239401247;48.984853701000006;0.2533505664460892;1.5125;2.166155
2015-04-23 10:16:14;2.1239917795;48.98485679;0.142373766665766;1.5125;2.166155
2015-04-23 10:16:15;2.1240473633000003;48.984859771;0.21409674771619513;1.5125;2.166155
2015-04-23 10:16:16;2.1240894058;48.984862265;0.13767690024694246;1.5125;2.166155
2015-04-23 10:16:17;2.1241620081;48.98486639;0.12007712055418784;1.5125;2.166155
2015-04-23 10:16:18;2.1242254601;48.984870373999996;0.056049515445681375;1.5125;2.166155
2015-04-23 10:16:19;2.1242940059;48.984874937;0.10396542383475982;1.5125;2.166155
2015-04-23 10:16:20;2.1243470837;48.984878423999994;0.038368285398799884;1.5125;2.166155
2015-04-23 10:16:21;2.1244375742;48.984883707;0.14099208966027915;1.5125;2.166155
2015-04-23 10:16:22;2.1244962983;48.98488726;0.08849417163155948;1.5125;2.166155
2015-04-23 10:16:23;2.1245769211;48.98489218;0.06792223800130537;1.5125;2.166155
2015-04-23 10:16:24;2.1246276902;48.984895223;0.04936439372453344;1.5125;2.166155
2015-04-23 10:16:25;2.1246758925;48.984897704;0.04309085821814207;1.5125;2.166155
2015-04-23 10:16:26;2.1246924647;48.984898256;0.022114521911654417;1.5125;2.166155
2015-04-23 10:16:27;2.1246942644;48.984898202;0.022137750460657246;1.5125;2.166155
2015-04-23 10:16:28;2.1246942906;48.984897952;0.06495839617397914;1.5125;2.166155
2015-04-23 10:16:29;2.1246944925999998;48.984897681999996;0.0435600264083853;1.5125;2.166155
2015-04-23 10:16:30;2.124694709;48.984897536000005;0.07659415454392937;1.5125;2.166155
2015-04-23 10:16:31;2.1246948879;48.984897466999996;-0.03162579877867211;1.5125;2.166155
2015-04-23 10:16:32;2.1246951705000003;48.98489735;-0.0013775001726516467;1.5125;2.166155
2015-04-23 10:16:33;2.1246953580000003;48.984897243;0.02660156676605191;1.5125;2.166155
2015-04-23 10:16:34;2.1246955932;48.98489712;0.012489071131125129;1.5125;2.166155
2015-04-23 10:16:35;2.1246959385;48.984897012;0.10197812972322146;1.5125;2.166155
2015-04-23 10:16:36;2.1246960911;48.984896925;0.10200193993759166;1.5125;2.166155
2015-04-23 10:16:37;2.1246962618;48.984896815;0.199070818362642;1.5125;2.166155
2015-04-23 10:16:38;2.1246963274;48.984896811999995;0.2603480483178779;1.5125;2.166155
2015-04-23 10:16:39;2.1246963915;48.98489682899999;0.2545788416074977;1.5125;2.166155
2015-04-23 10:16:40;2.124696615;48.984896845;0.21277249509505486;1.5125;2.166155
2015-04-23 10:16:41;2.1246988007;48.98489694;0.10798014372688092;1.5125;2.166155
2015-04-23 10:16:42;2.1247132096;48.984897907;0.1377872316467993;1.5125;2.166155
2015-04-23 10:16:43;2.1247482288;48.984900298;0.1360504488498731;1.5125;2.166155
2015-04-23 10:16:44;2.1247864842;48.984902483999996;0.03914567127909507;1.5125;2.166155
2015-04-23 10:16:45;2.1248099497;48.984903791;0.03917006750489932;1.5125;2.166155
2015-04-23 10:16:46;2.124851889;48.98490639;0.14298312755348147;1.5125;2.166155
2015-04-23 10:16:47;2.1248922317;48.984909556999995;0.2041526366117301;1.5125;2.166155
2015-04-23 10:16:48;2.1249185819;48.984911309;0.2842001278718397;1.5125;2.166155
2015-04-23 10:16:49;2.1249621681;48.984915281000006;0.21799309554345464;1.5125;2.166155
2015-04-23 10:16:50;2.1250029466;48.984918746999995;0.19559629080043045;1.5125;2.166155
2015-04-23 10:16:51;2.1250702131;48.984922718;0.19104597808527862;1.5125;2.166155
2015-04-23 10:16:52;2.1251160011000003;48.984925463;0.06666836370723195;1.5125;2.166155
2015-04-23 10:16:53;2.1251757103;48.98492949;0.12257317558823555;1.5125;2.166155
2015-04-23 10:16:54;2.1252327466;48.984932674;0.1781368104842735;1.5125;2.166155
2015-04-23 10:16:55;2.1253015985;48.984937336;0.04324792319492604;1.5125;2.166155
2015-04-23 10:16:56;2.1253501316;48.98494086;0.17695094098231073;1.5125;2.166155
2015-04-23 10:16:57;2.1254257057;48.9849461;0.2271823085396255;1.5125;2.166155
2015-04-23 10:16:58;2.1255067737;48.984952266;0.19846770030085126;1.5125;2.166155
2015-04-23 10:16:59;2.1255624821;48.984956433;0.23184540259324243;1.5125;2.166155
2015-04-23 10:17:00;2.1256394223;48.984961621000004;0.08134881484302059;1.075;321.1132
2015-04-23 10:17:01;2.1256852347999997;48.984964764;0.012728997402564501;1.075;321.1132
2015-04-23 10:17:02;2.1257629716;48.984969577;0.012754517426452838;1.075;321.1132
2015-04-23 10:17:03;2.1258064077000003;48.984972236000004;0.06138600336111777;1.075;321.1132
2015-04-23 10:17:04;2.1258661045;48.984975871;0.09408206917098472;1.075;321.1132
2015-04-23 10:17:05;2.125900419;48.984977511000004;0.031363561176252;1.075;321.1132
2015-04-23 10:17:06;2.1259531283;48.984980397;-0.00533631151154601;1.075;321.1132
2015-04-23 10:17:07;2.1259862168;48.984982654;0.05446845476306239;1.075;321.1132
2015-04-23 10:17:08;2.1260330584;48.98498506600001;0.06347908805594471;1.075;321.1132
2015-04-23 10:17:09;2.1260670377;48.984984712;0.09229767274209727;1.075;321.1132
2015-04-23 10:17:10;2.1261264294999997;48.984979131;0.07013776988213927;1.075;321.1132
2015-04-23 10:17:11;2.1261506665;48.984974619;0.07016389078856583;1.075;321.1132
2015-04-23 10:17:12;2.1261938103999998;48.984965468999995;0.047000520053723016;1.075;321.1132
2015-04-23 10:17:13;2.1262232061;48.98495964;0.033280602441812246;1.075;321.1132
2015-04-23 10:17:14;2.1262639307;48.984953025;0.088457038435238;1.075;321.1132
2015-04-23 10:17:15;2.1263004525;48.984948577;0.03139731574601434;1.075;321.1132
2015-04-23 10:17:16;2.1263274626;48.984946403;0.2036063964396828;1.075;321.1132
2015-04-23 10:17:17;2.1263685282;48.984946203999996;0.08343702829739003;1.075;321.1132
2015-04-23 10:17:18;2.1264058686;48.984951627;0.17564099422903312;1.075;321.1132
2015-04-23 10:17:19;2.1264742785;48.98496944;0.11108657586927956;1.075;321.1132
2015-04-23 10:17:20;2.1265524692;48.984993376000006;0.01374033565988636;1.075;321.1132
2015-04-23 10:17:21;2.1266642646;48.985017005;-0.059010037470014404;1.075;321.1132
2015-04-23 10:17:22;2.1267533243;48.985026276000006;0.09479506694508433;1.075;321.1132
2015-04-23 10:17:23;2.1268979008;48.985036498999996;0.02964258562593003;1.075;321.1132
2015-04-23 10:17:24;2.1270598486;48.985047975;-0.04992218045649821;1.075;321.1132
2015-04-23 10:17:25;2.1271795952000003;48.985056013000005;-0.08320116450166443;1.075;321.1132
2015-04-23 10:17:26;2.1273797947;48.985069499;0.01783624039188514;1.075;321.1132
2015-04-23 10:17:27;2.1275191132;48.985077083;-0.019652935990765896;1.075;321.1132
2015-04-23 10:17:28;2.1277877943;48.985084101999995;-0.019625686266286135;1.075;321.1132
2015-04-23 10:17:29;2.1279572855;48.985083405;0.03925943585840369;1.075;321.1132
2015-04-23 10:17:30;2.1282168535;48.985079381999995;-0.04423845324880901;1.075;321.1132
2015-04-23 10:17:31;2.1283876177;48.985076123;0.04096728198155347;1.075;321.1132
2015-04-23 10:17:32;2.1286768136000003;48.985070037;0.19678282255239643;1.075;321.1132
2015-04-23 10:17:33;2.1288734637;48.985065943;0.12919461691341894;1.075;321.1132
2015-04-23 10:17:34;2.1291658291999997;48.985060444;0.05052302148336052;1.075;321.1132
2015-04-23 10:17:35;2.1294927655;48.985054629;0.12818334972913614;1.075;321.1132
2015-04-23 10:17:36;2.1297858009;48.985049036999996;0.11268796428197858;1.075;321.1132
2015-04-23 10:17:37;2.1299713512;48.98504547;0.1127158001912022;1.075;321.1132
2015-04-23 10:17:38;2.1302938516;48.985038798000005;-0.1503061793245303;1.075;321.1132
2015-04-23 10:17:39;2.1305270274;48.985033453999996;-0.006068614321265098;1.075;321.1132
2015-04-23 10:17:40;2.1308692515;48.985025628;-0.11469809682821397;1.075;321.1132
2015-04-23 10:17:41;2.1312070851;48.985019052;0.16971452200135378;1.075;321.1132
2015-04-23 10:17:42;2.1314534498;48.985015047;0.03125425243858865;1.075;321.1132
2015-04-23 10:17:43;2.1318126088;48.985009173;0.016750521101887683;1.075;321.1132
2015-04-23 10:17:44;2.132054652;48.985004841000006;0.10250174792472977;1.075;321.1132
2015-04-23 10:17:45;2.1323747853;48.984998816;-0.02144416774239649;1.075;321.1132
2015-04-23 10:17:46;2.1326767276;48.984992525;-0.07120879933634183;1.075;321.1132
2015-04-23 10:17:47;2.1330325494999998;48.984984735;-0.03728215639476265;1.075;321.1132
2015-04-23 10:17:48;2.1332666897;48.984979745;-0.028367370165476746;1.075;321.1132
2015-04-23 10:17:49;2.1336123186;48.984972594;0.008033649296911305;1.075;321.1132
2015-04-23 10:17:50;2.1339698545;48.984965183999996;-0.06847907405919335;1.075;321.1132
2015-04-23 10:17:51;2.1342055691;48.984959612;0.017484598985197664;1.075;321.1132
2015-04-23 10:17:52;2.1345550452;48.98495145;-0.0067625663449453755;1.075;321.1132
2015-04-23 10:17:53;2.1347774895;48.984946765;-0.20105752621369244;1.075;321.1132
2015-04-23 10:17:54;2.1351711954;48.984939416;-0.20102860647857768;1.075;321.1132
2015-04-23 10:17:55;2.1353995254;48.98493525399999;-0.0021488304240194767;1.075;321.1132
2015-04-23 10:17:56;2.1357278129;48.984928803;-0.06307669551739689;1.075;321.1132
2015-04-23 10:17:57;2.1359288555;48.984924702;0.03798839204157278;1.075;321.1132
2015-04-23 10:17:58;2.1362537269999997;48.984918827;0.08597574547214715;1.075;321.1132
2015-04-23 10:17:59;2.1364565868;48.984915644;-0.05275080342710317;1.075;321.1132
